Username,FirstName,LastName,Title
SeanG,Sean,Garfield,Band Manager
AliceC,Alice,Cooper,Head of Music
JohnW,John,Wood,Board Member
JohnH,John,Hewes,Sales Assistant
ThomasF,Thomas,Fox,Sales Assistent
PeterL,Peter,Little,Sales Assitant
AmyV,Amy,van Dyken,Sales Manager
SarahV,Sarah,Vaughan,Sales Assistent
YvonneV,Yvonne,Vera,Bookkeeper
JaniceV,Janice,Voss,Temp
